symptom_en,symptom_pt
abnormal appearing skin,alteração no aspecto da pele
abnormal breathing sounds,sons respiratórios anormais
abnormal involuntary movements,movimentos involuntários anormais
abnormal movement of eyelid,movimento anormal da pálpebra
absence of menstruation,ausência de menstruação
abusing alcohol,abuso de álcool
ache all over,dor generalizada
acne or pimples,acne ou espinhas
allergic reaction,reação alérgica
ankle pain,dor no tornozelo
ankle swelling,inchaço no tornozelo
antisocial behavior,comportamento antissocial
anxiety and nervousness,ansiedade e nervosismo
apnea,apneia
arm lump or mass,nódulo ou massa no braço
arm pain,dor no braço
arm stiffness or tightness,rigidez ou sensação de aperto no braço
arm swelling,inchaço no braço
arm weakness,fraqueza no braço
back cramps or spasms,cãibras ou espasmos nas costas
back mass or lump,nódulo ou massa nas costas
back pain,dor nas costas
back stiffness or tightness,rigidez ou sensação de aperto nas costas
bleeding from ear,sangramento no ouvido
bleeding from eye,sangramento no olho
bleeding gums,sangramento nas gengivas
bleeding or discharge from nipple,sangramento ou secreção no mamilo
blindness,cegueira
blood clots during menstrual periods,coágulos sanguíneos durante a menstruação
blood in stool,sangue nas fezes
blood in urine,sangue na urina
bones are painful,dor nos ossos
breathing fast,respiração acelerada
bumps on penis,protuberâncias no pênis
burning abdominal pain,dor abdominal em queimação
burning chest pain,dor em queimação no peito
changes in stool appearance,alteração no aspecto das fezes
chest tightness,aperto no peito
chills,calafrios
cloudy eye,opacidade no olho
congestion in chest,congestão no peito
constipation,constipação
coryza,coriza
cough,tosse
coughing up sputum,tosse com expectoração
cramps and spasms,cãibras e espasmos
cross eyed,estrabismo
decreased appetite,diminuição do apetite
decreased heart rate,frequência cardíaca reduzida
delusions or hallucinations,delírios ou alucinações
depression,depressão
depressive or psychotic symptoms,sintomas depressivos ou psicóticos
diaper rash,assadura
diarrhea,diarreia
difficulty breathing,dificuldade para respirar
difficulty eating,dificuldade para se alimentar
difficulty in swallowing,dificuldade para engolir
difficulty speaking,dificuldade para falar
diminished hearing,diminuição da audição
diminished vision,diminuição da visão
disturbance of memory,alteração da memória
dizziness,tontura
double vision,visão dupla
drug abuse,abuso de drogas
dry or flaky scalp,couro cabeludo seco ou descamando
ear pain,dor de ouvido
elbow pain,dor no cotovelo
elbow swelling,inchaço no cotovelo
excessive anger,raiva excessiva
excessive appetite,apetite excessivo
excessive urination at night,urinar excessivamente à noite
eye burns or stings,ardor ou queimação nos olhos
eye deviation,desvio ocular
eye moves abnormally,movimento anormal dos olhos
eye redness,vermelhidão nos olhos
eyelid lesion or rash,lesão ou erupção na pálpebra
eyelid swelling,inchaço na pálpebra
facial pain,dor facial
fainting,desmaio
fatigue,fadiga
fears and phobias,medos e fobias
feeling ill,mal-estar
fever,febre
flatulence,flatulência
flu like syndrome,síndrome gripal
fluid in ear,acúmulo de líquido no ouvido
fluid retention,retenção de líquidos
focal weakness,fraqueza focal
foot or toe pain,dor no pé ou nos dedos do pé
foot or toe stiffness or tightness,rigidez ou sensação de aperto no pé ou nos dedos do pé
foot or toe swelling,inchaço no pé ou nos dedos do pé
foreign body sensation in eye,sensação de corpo estranho no olho
frequent menstruation,menstruação frequente
frequent urination,micção frequente
frontal headache,dor de cabeça frontal
groin mass,nódulo ou massa na virilha
groin pain,dor na virilha
gum pain,dor na gengiva
hand or finger lump or mass,nódulo ou massa na mão ou nos dedos
hand or finger pain,dor na mão ou nos dedos
hand or finger stiffness or tightness,rigidez ou sensação de aperto na mão ou nos dedos
hand or finger swelling,inchaço na mão ou nos dedos
hand or finger weakness,fraqueza na mão ou nos dedos
headache,dor de cabeça
heartburn,azia
heavy menstrual flow,fluxo menstrual intenso
hemoptysis,hemoptise
hesitancy,dificuldade para iniciar a micção
hip pain,dor no quadril
hip stiffness or tightness,rigidez ou sensação de aperto no quadril
hoarse voice,rouquidão
hostile behavior,comportamento hostil
hot flashes,ondas de calor
hurts to breath,dor ao respirar
hysterical behavior,comportamento histérico
impotence,impotência
increased heart rate,frequência cardíaca elevada
infant feeding problem,dificuldade na alimentação do bebê
infertility,infertilidade
insomnia,insônia
intermenstrual bleeding,sangramento entre os períodos menstruais
involuntary urination,micção involuntária
irregular appearing nails,alteração no aspecto das unhas
irregular appearing scalp,alteração no aspecto do couro cabeludo
irregular belly button,alteração no aspecto do umbigo
irregular heartbeat,batimentos cardíacos irregulares
irritable infant,bebê irritadiço
itchiness of eye,coceira nos olhos
itching of skin,coceira na pele
itching of the anus,coceira no ânus
itchy ears,coceira nos ouvidos
itchy eyelid,coceira na pálpebra
itchy scalp,coceira no couro cabeludo
jaundice,icterícia
jaw swelling,inchaço na mandíbula
joint pain,dor nas articulações
joint swelling,inchaço nas articulações
kidney mass,massa no rim
knee lump or mass,nódulo ou massa no joelho
knee pain,dor no joelho
knee stiffness or tightness,rigidez ou sensação de aperto no joelho
knee swelling,inchaço no joelho
knee weakness,fraqueza no joelho
lack of growth,atraso no crescimento
lacrimation,lacrimejamento
leg cramps or spasms,cãibras ou espasmos na perna
leg pain,dor na perna
leg stiffness or tightness,rigidez ou sensação de aperto na perna
leg swelling,inchaço na perna
leg weakness,fraqueza na perna
lip swelling,inchaço nos lábios
long menstrual periods,menstruação prolongada
loss of sensation,perda de sensibilidade
loss of sex drive,diminuição da libido
low back pain,dor lombar
low self esteem,baixa autoestima
low urine output,redução do volume urinário
lower abdominal pain,dor na parte inferior do abdômen
lower body pain,dor na parte inferior do corpo
lump in throat,sensação de caroço na garganta
lump or mass of breast,nódulo ou massa na mama
lymphedema,linfedema
mass in scrotum,massa no escroto
mass on eyelid,massa na pálpebra
mass or swelling around the anus,massa ou inchaço ao redor do ânus
melena,melena
mouth dryness,boca seca
mouth pain,dor na boca
mouth ulcer,úlcera na boca
muscle cramps contractures or spasms,cãibras; contraturas ou espasmos musculares
muscle pain,dor muscular
nasal congestion,congestão nasal
nausea,náusea
neck mass,massa no pescoço
neck pain,dor no pescoço
neck stiffness or tightness,rigidez ou sensação de aperto no pescoço
neck swelling,inchaço no pescoço
nightmares,pesadelos
nosebleed,sangramento nasal
obsessions and compulsions,obsessões e compulsões
pain during intercourse,dor durante a relação sexual
pain during pregnancy,dor durante a gravidez
pain in eye,dor nos olhos
pain in gums,dor na gengiva
pain in testicles,dor nos testículos
pain of the anus,dor no ânus
pain or soreness of breast,dor ou sensibilidade na mama
painful menstruation,menstruação dolorosa
painful sinuses,dor nos seios da face
painful urination,dor ao urinar
palpitations,palpitações
paresthesia,parestesia
pelvic pain,dor pélvica
penile discharge,secreção peniana
penis pain,dor no pênis
penis redness,vermelhidão no pênis
peripheral edema,edema periférico
plugged feeling in ear,sensação de ouvido tampado
postpartum problems of the breast,problemas mamários no pós-parto
problems during pregnancy,problemas durante a gravidez
pulling at ears,puxar as orelhas
pus draining from ear,saída de pus pelo ouvido
recent pregnancy,gravidez recente
rectal bleeding,sangramento retal
redness in ear,vermelhidão no ouvido
redness in or around nose,vermelhidão no nariz ou ao redor dele
regurgitation,regurgitação
restlessness,inquietação
retention of urine,retenção urinária
rib pain,dor nas costelas
ringing in ear,zumbido no ouvido
seizures,convulsões
sharp abdominal pain,dor abdominal intensa
sharp chest pain,dor intensa no peito
shortness of breath,falta de ar
shoulder lump or mass,nódulo ou massa no ombro
shoulder pain,dor no ombro
shoulder stiffness or tightness,rigidez ou sensação de aperto no ombro
side pain,dor na lateral do corpo
sinus congestion,congestão dos seios da face
skin dryness peeling scaliness or roughness,ressecamento; descamação ou aspereza da pele
skin growth,crescimento na pele
skin irritation,irritação na pele
skin lesion,lesão de pele
skin moles,pintas na pele
skin on arm or hand looks infected,pele do braço ou da mão com aspecto de infecção
skin on leg or foot looks infected,pele da perna ou do pé com aspecto de infecção
skin rash,erupção cutânea
skin swelling,inchaço na pele
sleepiness,sonolência
slurring words,fala arrastada
smoking problems,problemas relacionados ao tabagismo
sneezing,espirros
sore in nose,ferida no nariz
sore throat,dor de garganta
spots or clouds in vision,manchas ou turvação na visão
spotting or bleeding during pregnancy,sangramento durante a gravidez
stiffness all over,rigidez generalizada
stomach bloating,distensão abdominal
suprapubic pain,dor suprapúbica
sweating,sudorese
swelling of scrotum,inchaço do escroto
swollen abdomen,abdômen inchado
swollen eye,inchaço no olho
swollen lymph nodes,gânglios linfáticos inchados
swollen or red tonsils,amígdalas inchadas ou avermelhadas
symptoms of bladder,sintomas da bexiga
symptoms of eye,sintomas oculares
symptoms of infants,sintomas em lactentes
symptoms of prostate,sintomas da próstata
symptoms of the face,sintomas faciais
symptoms of the kidneys,sintomas renais
symptoms of the scrotum and testes,sintomas do escroto e dos testículos
temper problems,problemas de controle da raiva
throat feels tight,sensação de aperto na garganta
throat redness,vermelhidão na garganta
throat swelling,inchaço na garganta
tongue lesions,lesões na língua
too little hair,pouca quantidade de cabelo
toothache,dor de dente
unpredictable menstruation,menstruação irregular
unusual color or odor to urine,cor ou odor incomum da urina
upper abdominal pain,dor na parte superior do abdômen
uterine contractions,contrações uterinas
vaginal discharge,corrimento vaginal
vaginal itching,coceira vaginal
vaginal pain,dor vaginal
vaginal redness,vermelhidão vaginal
vomiting,vômito
vomiting blood,vômito com sangue
vulvar irritation,irritação vulvar
warts,verrugas
weakness,fraqueza
weight gain,ganho de peso
wheezing,sibilância
white discharge from eye,secreção branca nos olhos
wrinkles on skin,rugas na pele
wrist lump or mass,nódulo ou massa no punho
wrist pain,dor no punho
wrist stiffness or tightness,rigidez ou sensação de aperto no punho
wrist swelling,inchaço no punho

